{
    "Modality": "MR",
	"MagneticFieldStrength": 3,
	"Manufacturer": "Siemens",
	"ManufacturersModelName": "Allegra",
	"SliceThickness": 3,
	"EchoTime": 0.025,
	"RepetitionTime": 2,
	"FlipAngle": 90,
 	"SliceTiming": [0, 0.05128, 0.10256, 0.15384, 0.20512, 0.2564 , 0.30768,
     0.35896, 0.41024, 0.46152, 0.5128 , 0.56408, 0.61536, 0.66664,
     0.71792, 0.7692 , 0.82048, 0.87176, 0.92304, 0.97432, 1.0256 ,
     1.07688, 1.12816, 1.17944, 1.23072, 1.282  , 1.33328, 1.38456,
     1.43584, 1.48712, 1.5384 , 1.58968, 1.64096, 1.69224, 1.74352,
     1.7948 , 1.84608, 1.89736, 1.94864]
}